{
  "active_step": null,
  "steps": {
    "sql": {
      "status": "completed",
      "retry_count": 0,
      "last_updated": "2025-09-10T00:45:46.115137",
      "error_message": null
    },
    "data": {
      "status": "completed",
      "retry_count": 1,
      "last_updated": "2025-09-10T00:46:04.136346",
      "error_message": null
    },
    "dashboard": {
      "status": "completed",
      "retry_count": 0,
      "last_updated": "2025-09-10T00:46:12.156001",
      "error_message": null
    }
  },
  "in_progress": false,
  "start_time": "2025-09-10T00:45:38.081582",
  "user_input": "test"
}