{
  "active_step": null,
  "steps": {
    "sql": {
      "status": "completed",
      "retry_count": 0,
      "last_updated": "2025-09-10T20:32:24.802643",
      "error_message": null
    },
    "data": {
      "status": "completed",
      "retry_count": 0,
      "last_updated": "2025-09-10T20:32:32.827474",
      "error_message": null
    },
    "dashboard": {
      "status": "completed",
      "retry_count": 0,
      "last_updated": "2025-09-10T20:32:40.849394",
      "error_message": null
    }
  },
  "in_progress": false,
  "start_time": "2025-09-10T20:32:16.766951",
  "user_input": "Test",
  "session_uuid": "202e312b-be93-4b5c-ac06-76be13e0dd90",
  "stepper_visible": true
}